Region,10/2024
"Abbeville County, SC",173
"Acadia Parish, LA",122
"Accomack County, VA",184
"Ada County, ID",281
"Adair County, IA",137
"Adair County, KY",102
"Adair County, MO",112
"Adair County, OK",132
"Adams County, CO",243
"Adams County, IA",78
"Adams County, ID",253
"Adams County, IL",95
"Adams County, IN",110
"Adams County, MS",105
"Adams County, NE",98
"Adams County, OH",123
"Adams County, PA",165
"Adams County, WA",160
"Adams County, WI",148
"Addison County, VT",275
"Aiken County, SC",163
"Aitkin County, MN",224
"Alachua County, FL",193
"Alamance County, NC",181
"Alameda County, CA",700
"Alamosa County, CO",214
"Albany County, NY",207
"Albany County, WY",196
"Albemarle County, VA",241
"Alcona County, MI",156
"Alcorn County, MS",109
"Aleutians West Census Area, AK",219
"Alexander County, IL",54
"Alexander County, NC",211
"Alexandria, VA",434
"Alger County, MI",153
"Allamakee County, IA",126
"Allegan County, MI",212
"Allegany County, MD",101
"Allegany County, NY",74
"Alleghany County, NC",208
"Alleghany County, VA",94
"Allegheny County, PA",173
"Allen County, IN",143
"Allen County, KS",95
"Allen County, KY",137
"Allen County, OH",118
"Allen Parish, LA",69
"Allendale County, SC",43
"Alpena County, MI",102
"Alpine County, CA",343
"Amador County, CA",267
"Amelia County, VA",210
"Amherst County, VA",151
"Amite County, MS",103
"Anchorage Borough, AK",237
"Anderson County, KS",73
"Anderson County, KY",170
"Anderson County, SC",166
"Anderson County, TN",196
"Anderson County, TX",132
"Andrew County, MO",120
"Andrews County, TX",151
"Androscoggin County, ME",196
"Angelina County, TX",152
"Anne Arundel County, MD",253
"Anoka County, MN",189
"Anson County, NC",140
"Antrim County, MI",227
"Apache County, AZ",231
"Appanoose County, IA",76
"Appling County, GA",141
"Appomattox County, VA",195
"Aransas County, TX",233
"Arapahoe County, CO",251
"Archer County, TX",119
"Archuleta County, CO",367
"Arenac County, MI",146
"Arkansas County, AR",46
"Arlington County, VA",476
"Armstrong County, PA",92
"Armstrong County, TX",111
"Aroostook County, ME",123
"Ascension Parish, LA",173
"Ashe County, NC",235
"Ashland County, OH",155
"Ashland County, WI",97
"Ashley County, AR",66
"Ashtabula County, OH",147
"Asotin County, WA",219
"Assumption Parish, LA",97
"Atascosa County, TX",161
"Atchison County, KS",119
"Atchison County, MO",79
"Athens County, OH",120
"Atlantic County, NJ",232
"Atoka County, OK",124
"Attala County, MS",79
"Audrain County, MO",121
"Audubon County, IA",123
"Auglaize County, OH",132
"Augusta County, VA",194
"Aurora County, SD",110
"Austin County, TX",170
"Autauga County, AL",146
"Avery County, NC",316
"Avoyelles Parish, LA",71
"Baca County, CO",30
"Bacon County, GA",57
"Bailey County, TX",90
"Baker County, FL",211
"Baker County, OR",174
"Baldwin County, AL",198
"Baldwin County, GA",150
"Ballard County, KY",102
"Baltimore City County, MD",157
"Baltimore County, MD",199
"Bamberg County, SC",136
"Bandera County, TX",218
"Banks County, GA",195
"Bannock County, ID",171
"Baraga County, MI",74
"Barber County, KS",34
"Barbour County, AL",122
"Barbour County, WV",101
"Barnes County, ND",102
"Barnstable County, MA",477
"Barnwell County, SC",122
"Barren County, KY",137
"Barron County, WI",150
"Barrow County, GA",185
"Barry County, MI",164
"Barry County, MO",150
"Bartholomew County, IN",136
"Barton County, KS",88
"Barton County, MO",115
"Bartow County, GA",177
"Bastrop County, TX",200
"Bates County, MO",124
"Bath County, KY",146
"Bath County, VA",131
"Baxter County, AR",136
"Bay County, FL",238
"Bay County, MI",124
"Bayfield County, WI",216
"Baylor County, TX",75
"Beadle County, SD",105
"Bear Lake County, ID",215
"Beaufort County, NC",153
"Beaufort County, SC",291
"Beauregard Parish, LA",134
"Beaver County, PA",141
"Beaver County, UT",115
"Beaverhead County, MT",223
"Becker County, MN",149
"Beckham County, OK",116
"Bedford County, PA",118
"Bedford County, TN",213
"Bedford County, VA",183
"Bee County, TX",139
"Belknap County, NH",282
"Bell County, KY",149
"Bell County, TX",152
"Belmont County, OH",119
"Beltrami County, MN",164
"Ben Hill County, GA",79
"Benewah County, ID",170
"Bennington County, VT",225
"Benson County, ND",63
"Bent County, CO",71
"Benton County, AR",207
"Benton County, IA",119
"Benton County, IN",126
"Benton County, MN",152
"Benton County, MO",170
"Benton County, MS",54
"Benton County, OR",306
"Benton County, TN",122
"Benton County, WA",242
"Benzie County, MI",300
"Bergen County, NJ",414
"Berkeley County, SC",205
"Berkeley County, WV",171
"Berks County, PA",160
"Berkshire County, MA",214
"Berrien County, GA",163
"Berrien County, MI",183
"Bertie County, NC",63
"Bethel Census Area, AK",225
"Bexar County, TX",162
"Bibb County, AL",129
"Bibb County, GA",115
"Bienville Parish, LA",115
"Big Horn County, MT",121
"Big Horn County, WY",124
"Big Stone County, MN",77
"Bingham County, ID",183
"Black Hawk County, IA",131
"Blackford County, IN",88
"Bladen County, NC",141
"Blaine County, ID",777
"Blaine County, OK",50
"Blair County, PA",92
"Blanco County, TX",242
"Bland County, VA",114
"Bledsoe County, TN",199
"Blount County, AL",137
"Blount County, TN",221
"Boise County, ID",248
"Bolivar County, MS",113
"Bollinger County, MO",112
"Bon Homme County, SD",117
"Bond County, IL",117
"Bonner County, ID",340
"Bonneville County, ID",176
"Boone County, AR",122
"Boone County, IA",150
"Boone County, IL",138
"Boone County, IN",168
"Boone County, KY",176
"Boone County, MO",175
"Boone County, NE",123
"Boone County, WV",56
"Bosque County, TX",178
"Bossier Parish, LA",147
"Botetourt County, VA",179
"Bottineau County, ND",112
"Boulder County, CO",343
"Boundary County, ID",267
"Bourbon County, KS",86
"Bourbon County, KY",123
"Bowie County, TX",132
"Box Elder County, UT",208
"Boyd County, KY",103
"Boyle County, KY",145
"Bracken County, KY",112
"Bradford County, FL",165
"Bradford County, PA",127
"Bradley County, TN",190
"Branch County, MI",130
"Brantley County, GA",139
"Braxton County, WV",73
"Brazoria County, TX",160
"Brazos County, TX",186
"Breathitt County, KY",
"Breckinridge County, KY",146
"Bremer County, IA",121
"Brevard County, FL",218
"Brewster County, TX",239
"Briscoe County, TX",83
"Bristol County, MA",296
"Bristol County, RI",352
"Bristol, VA",125
"Broadwater County, MT",324
"Bronx County, NY",364
"Brooke County, WV",110
"Brookings County, SD",174
"Brooks County, GA",128
"Brooks County, TX",54
"Broome County, NY",111
"Broomfield County, CO",268
"Broward County, FL",310
"Brown County, IL",118
"Brown County, IN",173
"Brown County, KS",51
"Brown County, MN",98
"Brown County, OH",159
"Brown County, SD",105
"Brown County, TX",127
"Brown County, WI",177
"Brunswick County, NC",210
"Brunswick County, VA",132
"Bryan County, GA",203
"Bryan County, OK",155
"Buchanan County, IA",113
"Buchanan County, MO",119
"Buchanan County, VA",57
"Buckingham County, VA",204
"Bucks County, PA",256
"Buena Vista County, IA",108
"Buena Vista, VA",140
"Buffalo County, NE",124
"Buffalo County, WI",131
"Bullitt County, KY",187
"Bulloch County, GA",176
"Bullock County, AL",61
"Buncombe County, NC",289
"Bureau County, IL",108
"Burke County, GA",131
"Burke County, NC",186
"Burleigh County, ND",164
"Burleson County, TX",173
"Burlington County, NJ",230
"Burnet County, TX",216
"Burnett County, WI",254
"Burt County, NE",97
"Butler County, AL",66
"Butler County, IA",99
"Butler County, KS",125
"Butler County, KY",170
"Butler County, MO",95
"Butler County, NE",113
"Butler County, OH",164
"Butler County, PA",206
"Butte County, CA",277
"Butte County, ID",173
"Butte County, SD",167
"Butts County, GA",165
"Cabarrus County, NC",205
"Cabell County, WV",98
"Cache County, UT",214
"Caddo County, OK",86
"Caddo Parish, LA",111
"Calaveras County, CA",264
"Calcasieu Parish, LA",123
"Caldwell County, KY",140
"Caldwell County, MO",98
"Caldwell County, NC",181
"Caldwell County, TX",170
"Caledonia County, VT",193
"Calhoun County, AL",111
"Calhoun County, AR",38
"Calhoun County, FL",143
"Calhoun County, GA",78
"Calhoun County, IA",46
"Calhoun County, IL",49
"Calhoun County, MI",136
"Calhoun County, MS",66
"Calhoun County, TX",161
"Calhoun County, WV",78
"Callahan County, TX",190
"Callaway County, MO",150
"Calloway County, KY",135
"Calumet County, WI",164
"Calvert County, MD",219
"Camas County, ID",273
"Cambria County, PA",72
"Camden County, GA",185
"Camden County, MO",249
"Camden County, NC",202
"Camden County, NJ",218
"Cameron County, TX",161
"Camp County, TX",167
"Campbell County, KY",177
"Campbell County, TN",191
"Campbell County, VA",167
"Canadian County, OK",163
"Candler County, GA",165
"Cannon County, TN",224
"Canyon County, ID",243
"Cape Girardeau County, MO",127
"Cape May County, NJ",568
"Carbon County, MT",371
"Carbon County, PA",166
"Carbon County, UT",149
"Carbon County, WY",127
"Caribou County, ID",136
"Caroline County, MD",203
"Caroline County, VA",234
"Carroll County, AR",163
"Carroll County, GA",169
"Carroll County, IA",140
"Carroll County, IL",82
"Carroll County, IN",141
"Carroll County, KY",105
"Carroll County, MD",216
"Carroll County, MO",95
"Carroll County, NH",291
"Carroll County, OH",148
"Carroll County, TN",112
"Carroll County, VA",147
"Carson City, NV",300
"Carson County, TX",116
"Carter County, KY",125
"Carter County, MO",204
"Carter County, OK",126
"Carter County, TN",185
"Carteret County, NC",254
"Carver County, MN",204
"Cascade County, MT",192
"Casey County, KY",152
"Cass County, IA",88
"Cass County, IL",73
"Cass County, IN",101
"Cass County, MI",150
"Cass County, MN",232
"Cass County, MO",174
"Cass County, NE",149
"Cass County, TX",96
"Cassia County, ID",171
"Caswell County, NC",190
"Catahoula Parish, LA",58
"Catawba County, NC",176
"Catron County, NM",153
"Cattaraugus County, NY",107
"Cavalier County, ND",43
"Cayuga County, NY",132
"Cecil County, MD",187
"Cedar County, IA",128
"Cedar County, MO",111
"Cedar County, NE",77
"Centre County, PA",185
"Cerro Gordo County, IA",123
"Chaffee County, CO",423
"Chambers County, AL",109
"Chambers County, TX",169
"Champaign County, IL",148
"Champaign County, OH",148
"Chariton County, MO",83
"Charles City County, VA",219
"Charles County, MD",208
"Charles Mix County, SD",104
"Charleston County, SC",331
"Charlevoix County, MI",202
"Charlotte County, FL",204
"Charlotte County, VA",110
"Charlottesville, VA",262
"Charlton County, GA",155
"Chase County, KS",108
"Chatham County, GA",210
"Chatham County, NC",252
"Chattooga County, GA",125
"Chautauqua County, KS",480
"Chautauqua County, NY",110
"Chaves County, NM",136
"Cheatham County, TN",216
"Cheboygan County, MI",162
"Chelan County, WA",318
"Chemung County, NY",105
"Chenango County, NY",95
"Cherokee County, AL",165
"Cherokee County, GA",216
"Cherokee County, IA",91
"Cherokee County, KS",91
"Cherokee County, NC",217
"Cherokee County, OK",138
"Cherokee County, SC",161
"Cherokee County, TX",132
"Chesapeake, VA",212
"Cheshire County, NH",234
"Chester County, PA",241
"Chester County, SC",158
"Chester County, TN",130
"Chesterfield County, SC",149
"Chesterfield County, VA",204
"Cheyenne County, KS",89
"Chickasaw County, IA",118
"Chickasaw County, MS",67
"Childress County, TX",81
"Chilton County, AL",122
"Chippewa County, MI",146
"Chippewa County, MN",90
"Chippewa County, WI",180
"Chisago County, MN",214
"Chittenden County, VT",284
"Choctaw County, OK",143
"Chouteau County, MT",272
"Chowan County, NC",145
"Christian County, IL",80
"Christian County, KY",158
"Christian County, MO",171
"Churchill County, NV",240
"Cibola County, NM",115
"Citrus County, FL",178
"Clackamas County, OR",305
"Claiborne County, TN",184
"Claiborne Parish, LA",84
"Clallam County, WA",316
"Clare County, MI",108
"Clarendon County, SC",171
"Clarion County, PA",109
"Clark County, AR",96
"Clark County, ID",168
"Clark County, IL",66
"Clark County, IN",162
"Clark County, KY",157
"Clark County, MO",38
"Clark County, NV",257
"Clark County, OH",149
"Clark County, SD",102
"Clark County, WA",296
"Clark County, WI",111
"Clarke County, AL",100
"Clarke County, IA",144
"Clarke County, VA",249
"Clatsop County, OR",365
"Clay County, AL",145
"Clay County, AR",59
"Clay County, FL",182
"Clay County, IA",122
"Clay County, IL",76
"Clay County, IN",95
"Clay County, KS",151
"Clay County, KY",61
"Clay County, MO",170
"Clay County, MS",29
"Clay County, NC",289
"Clay County, NE",54
"Clay County, SD",127
"Clay County, TN",232
"Clay County, TX",112
"Clayton County, GA",145
"Clayton County, IA",87
"Clear Creek County, CO",315
"Clearfield County, PA",97
"Clearwater County, ID",187
"Clearwater County, MN",123
"Cleburne County, AL",115
"Cleburne County, AR",160
"Clermont County, OH",179
"Cleveland County, AR",162
"Cleveland County, NC",169
"Cleveland County, OK",156
"Clinton County, IA",100
"Clinton County, IL",121
"Clinton County, IN",146
"Clinton County, KY",160
"Clinton County, MI",166
"Clinton County, MO",156
"Clinton County, NY",140
"Clinton County, OH",154
"Clinton County, PA",113
"Cloud County, KS",150
"Coahoma County, MS",19
"Coal County, OK",139
"Cobb County, GA",203
"Cochise County, AZ",168
"Cochran County, TX",41
"Cocke County, TN",180
"Coconino County, AZ",373
"Codington County, SD",134
"Coffee County, AL",127
"Coffee County, TN",188
"Coffey County, KS",136
"Colbert County, AL",135
"Cole County, MO",126
"Coleman County, TX",46
"Coles County, IL",88
"Colfax County, NE",103
"Colfax County, NM",293
"Colleton County, SC",217
"Collier County, FL",349
"Collin County, TX",208
"Colonial Heights, VA",184
"Colorado County, TX",216
"Colquitt County, GA",133
"Columbia County, AR",98
"Columbia County, FL",163
"Columbia County, GA",162
"Columbia County, NY",273
"Columbia County, OR",268
"Columbia County, PA",133
"Columbia County, WA",238
"Columbia County, WI",181
"Columbiana County, OH",132
"Columbus County, NC",141
"Colusa County, CA",243
"Comal County, TX",207
"Comanche County, OK",110
"Comanche County, TX",123
"Concho County, TX",50
"Concordia Parish, LA",74
"Conecuh County, AL",66
"Conejos County, CO",214
"Contra Costa County, CA",510
"Converse County, WY",145
"Conway County, AR",120
"Cook County, GA",145
"Cook County, IL",221
"Cooke County, TX",192
"Cooper County, MO",141
"Coos County, NH",206
"Coos County, OR",256
"Coosa County, AL",119
"Copiah County, MS",54
"Cortland County, NY",125
"Coryell County, TX",145
"Coshocton County, OH",130
"Costilla County, CO",181
"Cotton County, OK",130
"Cottonwood County, MN",76
"Covington County, AL",106
"Covington, VA",65
"Coweta County, GA",186
"Cowley County, KS",102
"Cowlitz County, WA",258
"Craig County, OK",130
"Craig County, VA",228
"Craighead County, AR",135
"Crane County, TX",150
"Craven County, NC",175
"Crawford County, AR",146
"Crawford County, GA",123
"Crawford County, IA",146
"Crawford County, IL",104
"Crawford County, IN",242
"Crawford County, KS",86
"Crawford County, MI",150
"Crawford County, MO",141
"Crawford County, OH",92
"Crawford County, PA",112
"Crawford County, WI",134
"Creek County, OK",155
"Crenshaw County, AL",106
"Crisp County, GA",163
"Crittenden County, AR",125
"Crittenden County, KY",100
"Crockett County, TN",123
"Crockett County, TX",34
"Crook County, OR",269
"Crook County, WY",263
"Crosby County, TX",45
"Cross County, AR",107
"Crow Wing County, MN",203
"Crowley County, CO",163
"Culberson County, TX",250
"Cullman County, AL",156
"Culpeper County, VA",197
"Cumberland County, IL",90
"Cumberland County, KY",102
"Cumberland County, ME",347
"Cumberland County, NC",151
"Cumberland County, NJ",183
"Cumberland County, PA",175
"Cumberland County, TN",207
"Cumberland County, VA",199
"Cuming County, NE",113
"Currituck County, NC",224
"Curry County, NM",122
"Curry County, OR",312
"Custer County, CO",222
"Custer County, ID",200
"Custer County, OK",135
"Custer County, SD",259
"Cuyahoga County, OH",142
"Dade County, MO",115
"Daggett County, UT",328
"Dakota County, MN",191
"Dakota County, NE",128
"Dale County, AL",116
"Dallam County, TX","1,435"
"Dallas County, AL",67
"Dallas County, IA",231
"Dallas County, MO",138
"Dallas County, TX",206
"Dane County, WI",223
"Danville, VA",103
"Dare County, NC",371
"Darke County, OH",131
"Darlington County, SC",137
"Dauphin County, PA",143
"Davidson County, NC",166
"Davidson County, TN",270
"Davie County, NC",172
"Daviess County, IN",95
"Daviess County, KY",150
"Daviess County, MO",111
"Davis County, UT",226
"Davison County, SD",121
"Dawson County, GA",199
"Dawson County, NE",119
"Dawson County, TX",75
"Day County, SD",121
"De Soto Parish, LA",114
"De Witt County, IL",104
"Deaf Smith County, TX",120
"Dearborn County, IN",160
"Decatur County, GA",128
"Decatur County, IA",109
"Decatur County, IN",126
"Decatur County, TN",145
"Deer Lodge County, MT",196
"Defiance County, OH",138
"DeKalb County, AL",150
"DeKalb County, GA",197
"DeKalb County, IL",160
"DeKalb County, IN",150
"DeKalb County, MO",180
"DeKalb County, TN",217
"Del Norte County, CA",301
"Delaware County, IA",118
"Delaware County, IN",121
"Delaware County, NY",180
"Delaware County, OH",205
"Delaware County, OK",202
"Delaware County, PA",210
"Delta County, CO",267
"Delta County, MI",122
"Delta County, TX",84
"Denali Borough, AK",236
"Dent County, MO",99
"Denton County, TX",212
"Denver County, CO",356
"Des Moines County, IA",108
"Deschutes County, OR",370
"Desha County, AR",68
"DeSoto County, FL",169
"DeSoto County, MS",159
"Deuel County, SD",171
"Dewey County, OK",54
"Dewey County, SD",35
"DeWitt County, TX",164
"Dickens County, TX",75
"Dickenson County, VA",103
"Dickey County, ND",106
"Dickinson County, IA",280
"Dickinson County, KS",112
"Dickinson County, MI",112
"Dickson County, TN",238
"Dillon County, SC",99
"Dinwiddie County, VA",196
"District of Columbia, DC",517
"Divide County, ND",98
"Dixie County, FL",168
"Dixon County, NE",63
"Doddridge County, WV",287
"Dodge County, GA",306
"Dodge County, MN",161
"Dodge County, NE",142
"Dodge County, WI",167
"Dolores County, CO",169
"Dona Ana County, NM",182
"Doniphan County, KS",59
"Dooly County, GA",104
"Door County, WI",270
"Dorchester County, MD",164
"Dorchester County, SC",191
"Dougherty County, GA",108
"Douglas County, CO",229
"Douglas County, GA",161
"Douglas County, IL",81
"Douglas County, KS",177
"Douglas County, MN",189
"Douglas County, MO",171
"Douglas County, NE",161
"Douglas County, NV",366
"Douglas County, OR",229
"Douglas County, WA",297
"Drew County, AR",122
"Dubois County, IN",127
"Dubuque County, IA",138
"Duchesne County, UT",187
"Dukes County, MA",877
"Dunklin County, MO",57
"Dunn County, ND",129
"Dunn County, WI",149
"DuPage County, IL",227
"Duplin County, NC",149
"Durham County, NC",235
"Dutchess County, NY",255
"Duval County, FL",190
"Dyer County, TN",117
"Eagle County, CO",750
"Early County, GA",108
"East Baton Rouge Parish, LA",147
"East Feliciana Parish, LA",140
"Eastland County, TX",117
"Eaton County, MI",144
"Eau Claire County, WI",170
"Echols County, GA",99
"Ector County, TX",161
"Eddy County, NM",173
"Edgar County, IL",67
"Edgecombe County, NC",137
"Edgefield County, SC",170
"Edmonson County, KY",155
"Edmunds County, SD",115
"Edwards County, IL",50
"Edwards County, KS",27
"Effingham County, GA",182
"Effingham County, IL",116
"El Dorado County, CA",353
"El Paso County, CO",
"El Paso County, TX",157
"Elbert County, CO",242
"Elbert County, GA",118
"Elk County, KS",58
"Elk County, PA",99
"Elkhart County, IN",140
"Elko County, NV",211
"Elliott County, KY",149
"Ellis County, KS",117
"Ellis County, OK",31
"Ellis County, TX",186
"Ellsworth County, KS",39
"Elmore County, AL",149
"Elmore County, ID",228
"Emanuel County, GA",119
"Emery County, UT",117
"Emmet County, IA",76
"Emmet County, MI",182
"Emmons County, ND",39
"Emporia, VA",128
"Erath County, TX",197
"Erie County, NY",177
"Erie County, OH",129
"Erie County, PA",140
"Escambia County, AL",100
"Escambia County, FL",179
"Essex County, MA",377
"Essex County, NJ",362
"Essex County, NY",210
"Essex County, VA",198
"Essex County, VT",208
"Estill County, KY",56
"Etowah County, AL",115
"Evangeline Parish, LA",55
"Evans County, GA",69
"Fairbanks North Star Borough, AK",190
"Fairfax City County, VA",295
"Fairfax County, VA",351
"Fairfield County, CT",313
"Fairfield County, OH",176
"Fall River County, SD",204
"Fallon County, MT",53
"Falls Church, VA",523
"Falls County, TX",98
"Fannin County, GA",300
"Fannin County, TX",177
"Faribault County, MN",83
"Faulk County, SD",46
"Faulkner County, AR",150
"Fauquier County, VA",257
"Fayette County, AL",90
"Fayette County, GA",197
"Fayette County, IA",89
"Fayette County, IL",87
"Fayette County, IN",100
"Fayette County, KY",187
"Fayette County, OH",181
"Fayette County, PA",114
"Fayette County, TN",191
"Fayette County, TX",221
"Fayette County, WV",36
"Fentress County, TN",208
"Fergus County, MT",522
"Ferry County, WA",153
"Fillmore County, MN",129
"Fillmore County, NE",71
"Finney County, KS",173
"Flagler County, FL",205
"Flathead County, MT",350
"Fleming County, KY",120
"Florence County, SC",141
"Florence County, WI",128
"Floyd County, GA",170
"Floyd County, IA",86
"Floyd County, IN",155
"Floyd County, KY",89
"Floyd County, TX",62
"Floyd County, VA",157
"Fluvanna County, VA",204
"Fond du Lac County, WI",147
"Ford County, IL",83
"Ford County, KS",100
"Forest County, PA",71
"Forest County, WI",151
"Forsyth County, GA",221
"Forsyth County, NC",170
"Fort Bend County, TX",167
"Fountain County, IN",123
"Franklin City County, VA",136
"Franklin County, AL",89
"Franklin County, AR",117
"Franklin County, FL",265
"Franklin County, GA",155
"Franklin County, IA",74
"Franklin County, ID",191
"Franklin County, IL",85
"Franklin County, IN",123
"Franklin County, KS",163
"Franklin County, KY",142
"Franklin County, MA",199
"Franklin County, ME",200
"Franklin County, MO",166
"Franklin County, MS",231
"Franklin County, NC",202
"Franklin County, NE",33
"Franklin County, NY",130
"Franklin County, OH",191
"Franklin County, PA",169
"Franklin County, TN",186
"Franklin County, TX",201
"Franklin County, VA",174
"Franklin County, VT",210
"Franklin County, WA",255
"Franklin Parish, LA",79
"Frederick County, MD",228
"Frederick County, VA",211
"Fredericksburg, VA",283
"Freeborn County, MN",113
"Freestone County, TX",119
"Fremont County, CO",220
"Fremont County, ID",267
"Fremont County, WY",199
"Fresno County, CA",254
"Frio County, TX",94
"Frontier County, NE",39
"Fulton County, AR",130
"Fulton County, GA",227
"Fulton County, IL",70
"Fulton County, IN",140
"Fulton County, KY",88
"Fulton County, NY",96
"Fulton County, OH",132
"Fulton County, PA",123
"Gadsden County, FL",158
"Gage County, NE",111
"Gaines County, TX",153
"Galax, VA",101
"Gallatin County, KY",173
"Gallatin County, MT",371
"Gallia County, OH",107
"Galveston County, TX",170
"Garfield County, CO",372
"Garfield County, OK",107
"Garfield County, UT",302
"Garland County, AR",139
"Garrard County, KY",139
"Garrett County, MD",197
"Garvin County, OK",117
"Garza County, TX",59
"Gasconade County, MO",108
"Gaston County, NC",186
"Gates County, NC",144
"Geary County, KS",139
"Geauga County, OH",188
"Gem County, ID",252
"Genesee County, MI",142
"Genesee County, NY",149
"Geneva County, AL",113
"George County, MS",137
"Georgetown County, SC",246
"Gibson County, IN",136
"Gibson County, TN",140
"Gila County, AZ",297
"Gilchrist County, FL",204
"Giles County, TN",158
"Giles County, VA",134
"Gillespie County, TX",315
"Gilliam County, OR",99
"Gilmer County, GA",270
"Gilmer County, WV",129
"Gilpin County, CO",370
"Glacier County, MT",136
"Glades County, FL",178
"Gladwin County, MI",160
"Glascock County, GA",26
"Glenn County, CA",238
"Gloucester County, NJ",207
"Gloucester County, VA",230
"Glynn County, GA",221
"Gogebic County, MI",112
"Golden Valley County, ND",67
"Goliad County, TX",144
"Gonzales County, TX",101
"Goochland County, VA",252
"Goodhue County, MN",168
"Gooding County, ID",227
"Gordon County, GA",159
"Goshen County, WY",117
"Gosper County, NE",64
"Gove County, KS",24
"Grady County, GA",117
"Grady County, OK",127
"Grafton County, NH",287
"Graham County, AZ",187
"Graham County, KS",59
"Graham County, NC",238
"Grainger County, TN",216
"Grand County, CO",560
"Grand County, UT",386
"Grand Isle County, VT",261
"Grand Traverse County, MI",334
"Granite County, MT",415
"Grant County, AR",153
"Grant County, IN",94
"Grant County, KS",136
"Grant County, KY",182
"Grant County, MN",113
"Grant County, NM",179
"Grant County, OK",78
"Grant County, OR",202
"Grant County, SD",105
"Grant County, WA",240
"Grant County, WI",122
"Grant County, WV",187
"Grant Parish, LA",97
"Granville County, NC",222
"Gratiot County, MI",132
"Graves County, KY",124
"Gray County, KS",119
"Gray County, TX",61
"Grays Harbor County, WA",272
"Grayson County, KY",128
"Grayson County, TX",176
"Grayson County, VA",225
"Green County, KY",147
"Green County, WI",164
"Green Lake County, WI",150
"Greene County, AL",33
"Greene County, AR",127
"Greene County, GA",278
"Greene County, IA",115
"Greene County, IL",56
"Greene County, IN",142
"Greene County, MO",160
"Greene County, MS",124
"Greene County, NC",139
"Greene County, NY",240
"Greene County, OH",158
"Greene County, PA",120
"Greene County, TN",160
"Greene County, VA",199
"Greensville County, VA",132
"Greenup County, KY",92
"Greenville County, SC",188
"Greenwood County, KS",95
"Greenwood County, SC",146
"Greer County, OK",64
"Gregg County, TX",144
"Grenada County, MS",113
"Griggs County, ND",65
"Grimes County, TX",180
"Grundy County, IA",109
"Grundy County, IL",172
"Grundy County, MO",60
"Grundy County, TN",190
"Guadalupe County, NM",138
"Guadalupe County, TX",160
"Guernsey County, OH",116
"Guilford County, NC",173
"Gulf County, FL",265
"Gunnison County, CO",495
"Guthrie County, IA",181
"Gwinnett County, GA",187
"Habersham County, GA",170
"Haines Borough, AK",390
"Hale County, AL",123
"Hale County, TX",95
"Halifax County, NC",121
"Halifax County, VA",91
"Hall County, GA",192
"Hall County, NE",117
"Hamblen County, TN",180
"Hamilton County, FL",70
"Hamilton County, IA",129
"Hamilton County, IL",88
"Hamilton County, IN",174
"Hamilton County, NE",117
"Hamilton County, NY",211
"Hamilton County, OH",168
"Hamilton County, TX",141
"Hamlin County, SD",86
"Hampden County, MA",222
"Hampshire County, MA",259
"Hampshire County, WV",174
"Hampton County, SC",131
"Hampton, VA",184
"Hancock County, GA",305
"Hancock County, IA",119
"Hancock County, IL",73
"Hancock County, IN",156
"Hancock County, KY",93
"Hancock County, ME",295
"Hancock County, MS",157
"Hancock County, OH",144
"Hancock County, TN",143
"Hancock County, WV",137
"Hand County, SD",88
"Hanover County, VA",220
"Hansford County, TX",63
"Hanson County, SD",143
"Haralson County, GA",175
"Hardee County, FL",187
"Hardeman County, TN",108
"Hardeman County, TX",68
"Hardin County, IA",83
"Hardin County, KY",161
"Hardin County, OH",124
"Hardin County, TN",161
"Hardin County, TX",146
"Hardy County, WV",135
"Harford County, MD",200
"Harlan County, KY",83
"Harmon County, OK",33
"Harnett County, NC",170
"Harper County, KS",49
"Harper County, OK",88
"Harris County, TX",162
"Harrison County, IA",139
"Harrison County, IN",143
"Harrison County, KY",137
"Harrison County, MO",127
"Harrison County, MS",145
"Harrison County, OH",95
"Harrison County, TX",160
"Harrison County, WV",113
"Harrisonburg, VA",176
"Hart County, GA",159
"Hart County, KY",174
"Hartford County, CT",215
"Harvey County, KS",102
"Haskell County, OK",108
"Haskell County, TX",49
"Hawaii County, HI",420
"Hawkins County, TN",164
"Hays County, TX",195
"Haywood County, NC",252
"Haywood County, TN",118
"Heard County, GA",103
"Hemphill County, TX",100
"Hempstead County, AR",77
"Henderson County, IL",52
"Henderson County, KY",120
"Henderson County, NC",256
"Henderson County, TN",144
"Henderson County, TX",176
"Hendricks County, IN",156
"Hendry County, FL",206
"Hennepin County, MN",208
"Henrico County, VA",230
"Henry County, AL",114
"Henry County, GA",154
"Henry County, IA",110
"Henry County, IL",101
"Henry County, IN",112
"Henry County, KY",180
"Henry County, MO",132
"Henry County, OH",132
"Henry County, TN",121
"Henry County, VA",97
"Herkimer County, NY",119
"Hernando County, FL",185
"Hertford County, NC",86
"Hettinger County, ND",71
"Hickman County, KY",82
"Hickman County, TN",165
"Hickory County, MO",139
"Hidalgo County, NM",79
"Hidalgo County, TX",145
"Highland County, OH",124
"Highland County, VA",252
"Highlands County, FL",188
"Hill County, TX",148
"Hillsborough County, FL",220
"Hillsborough County, NH",268
"Hillsdale County, MI",133
"Hinds County, MS",89
"Hinsdale County, CO",464
"Hocking County, OH",170
"Hockley County, TX",96
"Hodgeman County, KS",80
"Hoke County, NC",161
"Holmes County, FL",88
"Holmes County, MS",31
"Holmes County, OH",224
"Holt County, MO",93
"Honolulu County, HI",660
"Hood County, TX",193
"Hood River County, OR",435
"Hoonah-Angoon Census Area, AK",343
"Hopewell, VA",168
"Hopkins County, KY",121
"Hopkins County, TX",141
"Horry County, SC",205
"Hot Spring County, AR",98
"Hot Springs County, WY",155
"Houghton County, MI",119
"Houston County, AL",129
"Houston County, GA",147
"Houston County, MN",123
"Houston County, TN",162
"Houston County, TX",130
"Howard County, AR",128
"Howard County, IA",106
"Howard County, IN",124
"Howard County, MD",257
"Howard County, MO",156
"Howard County, NE",113
"Howell County, MO",107
"Hubbard County, MN",186
"Hudson County, NJ",494
"Huerfano County, CO",228
"Hughes County, OK",56
"Hughes County, SD",160
"Humboldt County, CA",286
"Humboldt County, IA",115
"Humboldt County, NV",236
"Humphreys County, MS",100
"Humphreys County, TN",197
"Hunt County, TX",161
"Hunterdon County, NJ",276
"Huntington County, IN",114
"Huron County, MI",144
"Huron County, OH",128
"Hutchinson County, SD",112
"Hutchinson County, TX",88
"Hyde County, NC",379
"Iberia Parish, LA",101
"Iberville Parish, LA",119
"Ida County, IA",74
"Idaho County, ID",213
"Imperial County, CA",216
"Independence County, AR",95
"Indian River County, FL",228
"Indiana County, PA",121
"Ingham County, MI",134
"Inyo County, CA",296
"Ionia County, MI",147
"Iosco County, MI",160
"Iowa County, IA",107
"Iowa County, WI",155
"Iredell County, NC",183
"Irion County, TX",214
"Iron County, MI",84
"Iron County, MO",102
"Iron County, UT",210
"Iron County, WI",192
"Iroquois County, IL",98
"Irwin County, GA",104
"Isabella County, MI",139
"Isanti County, MN",204
"Island County, WA",350
"Isle of Wight County, VA",197
"Itasca County, MN",149
"Itawamba County, MS",141
"Izard County, AR",117
"Jack County, TX",161
"Jackson County, AL",155
"Jackson County, AR",88
"Jackson County, CO",313
"Jackson County, FL",120
"Jackson County, GA",183
"Jackson County, IA",129
"Jackson County, IL",88
"Jackson County, IN",129
"Jackson County, KS",126
"Jackson County, KY",152
"Jackson County, MI",144
"Jackson County, MN",116
"Jackson County, MO",152
"Jackson County, MS",137
"Jackson County, NC",322
"Jackson County, OH",156
"Jackson County, OK",101
"Jackson County, OR",263
"Jackson County, TN",177
"Jackson County, TX",143
"Jackson County, WI",118
"Jackson County, WV",120
"Jackson Parish, LA",141
"James City County, VA",217
"Jasper County, GA",169
"Jasper County, IA",167
"Jasper County, IL",57
"Jasper County, IN",143
"Jasper County, MO",139
"Jasper County, SC",281
"Jasper County, TX",124
"Jay County, IN",93
"Jeff Davis County, TX",262
"Jefferson County, AL",150
"Jefferson County, AR",60
"Jefferson County, CO",296
"Jefferson County, FL",137
"Jefferson County, GA",172
"Jefferson County, IA",136
"Jefferson County, ID",170
"Jefferson County, IL",109
"Jefferson County, IN",143
"Jefferson County, KS",108
"Jefferson County, KY",161
"Jefferson County, MO",167
"Jefferson County, MT",257
"Jefferson County, NE",85
"Jefferson County, NY",132
"Jefferson County, OH",123
"Jefferson County, OK",86
"Jefferson County, OR",256
"Jefferson County, PA",128
"Jefferson County, TN",188
"Jefferson County, TX",125
"Jefferson County, WA",368
"Jefferson County, WI",186
"Jefferson County, WV",189
"Jefferson Davis County, MS",53
"Jefferson Davis Parish, LA",80
"Jefferson Parish, LA",148
"Jenkins County, GA",131
"Jennings County, IN",124
"Jerome County, ID",214
"Jersey County, IL",126
"Jessamine County, KY",176
"Jewell County, KS",47
"Jim Hogg County, TX",63
"Jim Wells County, TX",117
"Jo Daviess County, IL",146
"Johnson County, AR",111
"Johnson County, IA",168
"Johnson County, IL",176
"Johnson County, IN",163
"Johnson County, KS",202
"Johnson County, KY",108
"Johnson County, MO",142
"Johnson County, NE",116
"Johnson County, TN",162
"Johnson County, TX",181
"Johnson County, WY",233
"Johnston County, NC",191
"Johnston County, OK",202
"Jones County, GA",134
"Jones County, IA",112
"Jones County, NC",159
"Jones County, TX",102
"Josephine County, OR",231
"Juab County, UT",167
"Juneau Borough, AK",329
"Juneau County, WI",159
"Juniata County, PA",103
"Kalamazoo County, MI",171
"Kalkaska County, MI",203
"Kanabec County, MN",184
"Kanawha County, WV",108
"Kandiyohi County, MN",154
"Kane County, IL",205
"Kane County, UT",281
"Kankakee County, IL",152
"Karnes County, TX",53
"Kauai County, HI",737
"Kaufman County, TX",163
"Kay County, OK",93
"Kearney County, NE",64
"Kearny County, KS",222
"Kenai Peninsula Borough, AK",213
"Kendall County, IL",187
"Kendall County, TX",230
"Kennebec County, ME",202
"Kenosha County, WI",173
"Kent County, DE",194
"Kent County, MD",216
"Kent County, MI",221
"Kent County, RI",266
"Kenton County, KY",177
"Keokuk County, IA",105
"Kern County, CA",227
"Kerr County, TX",216
"Ketchikan Gateway Borough, AK",274
"Kewaunee County, WI",141
"Keweenaw County, MI",28
"Kimball County, NE",115
"Kimble County, TX",247
"King & Queen County, VA",179
"King County, WA",503
"King George County, VA",210
"King William County, VA",207
"Kingfisher County, OK",136
"Kingman County, KS",83
"Kings County, CA",222
"Kings County, NY",709
"Kinney County, TX",142
"Kiowa County, OK",17
"Kit Carson County, CO",71
"Kitsap County, WA",306
"Kittitas County, WA",337
"Kittson County, MN",91
"Klamath County, OR",203
"Kleberg County, TX",115
"Klickitat County, WA",228
"Knott County, KY",81
"Knox County, IL",73
"Knox County, IN",83
"Knox County, KY",103
"Knox County, ME",270
"Knox County, OH",166
"Knox County, TN",216
"Knox County, TX",62
"Kodiak Island Borough, AK",351
"Koochiching County, MN",118
"Kootenai County, ID",302
"Kosciusko County, IN",154
"Kossuth County, IA",103
"La Crosse County, WI",166
"La Paz County, AZ",400
"La Plata County, CO",442
"La Salle Parish, LA",123
"Labette County, KS",79
"Lac qui Parle County, MN",100
"Lackawanna County, PA",118
"Laclede County, MO",135
"Lafayette County, MO",130
"Lafayette County, MS",246
"Lafayette County, WI",126
"Lafayette Parish, LA",142
"Lafourche Parish, LA",118
"LaGrange County, IN",161
"Lake County, CA",231
"Lake County, CO",342
"Lake County, FL",210
"Lake County, IL",197
"Lake County, IN",152
"Lake County, MI",129
"Lake County, MT",356
"Lake County, OH",153
"Lake County, OR",115
"Lake County, SD",191
"Lake County, TN",93
"Lake of the Woods County, MN",170
"Lamar County, AL",68
"Lamar County, GA",161
"Lamar County, TX",126
"Lamb County, TX",79
"Lamoille County, VT",337
"LaMoure County, ND",6
"Lampasas County, TX",183
"Lancaster County, NE",158
"Lancaster County, PA",191
"Lancaster County, SC",213
"Lancaster County, VA",265
"Lander County, NV",160
"Lane County, KS",55
"Lane County, OR",295
"Langlade County, WI",153
"Lanier County, GA",150
"Lapeer County, MI",183
"LaPorte County, IN",140
"Laramie County, WY",185
"Larimer County, CO",243
"Larue County, KY",166
"Las Animas County, CO",151
"LaSalle County, IL",131
"Lassen County, CA",174
"Latah County, ID",236
"Latimer County, OK",103
"Lauderdale County, AL",145
"Lauderdale County, TN",101
"Laurel County, KY",142
"Laurens County, GA",110
"Laurens County, SC",137
"Lavaca County, TX",151
"Lawrence County, AL",120
"Lawrence County, AR",118
"Lawrence County, IL",112
"Lawrence County, IN",144
"Lawrence County, KY",115
"Lawrence County, MO",148
"Lawrence County, MS",68
"Lawrence County, OH",94
"Lawrence County, PA",108
"Lawrence County, SD",225
"Lawrence County, TN",187
"Le Flore County, OK",128
"Le Sueur County, MN",204
"Lea County, NM",150
"Leake County, MS",103
"Leavenworth County, KS",181
"Lebanon County, PA",170
"Lee County, AL",178
"Lee County, FL",231
"Lee County, GA",137
"Lee County, IA",73
"Lee County, IL",115
"Lee County, KY",109
"Lee County, MS",128
"Lee County, NC",173
"Lee County, SC",100
"Lee County, TX",169
"Lee County, VA",99
"Leelanau County, MI",334
"Leflore County, MS",59
"Lehigh County, PA",200
"Lemhi County, ID",197
"Lenawee County, MI",156
"Lenoir County, NC",111
"Leon County, FL",200
"Leon County, TX",140
"Leslie County, KY",40
"Letcher County, KY",96
"Levy County, FL",192
"Lewis & Clark County, MT",264
"Lewis County, ID",171
"Lewis County, KY",174
"Lewis County, MO",74
"Lewis County, NY",106
"Lewis County, TN",183
"Lewis County, WA",265
"Lewis County, WV",88
"Lexington, VA",209
"Liberty County, FL",199
"Liberty County, GA",160
"Liberty County, MT",52
"Liberty County, TX",148
"Licking County, OH",177
"Limestone County, AL",165
"Limestone County, TX",151
"Lincoln County, AR",80
"Lincoln County, CO",188
"Lincoln County, GA",178
"Lincoln County, ID",139
"Lincoln County, KS",98
"Lincoln County, KY",130
"Lincoln County, ME",243
"Lincoln County, MN",82
"Lincoln County, MO",186
"Lincoln County, MS",112
"Lincoln County, MT",234
"Lincoln County, NC",198
"Lincoln County, NE",125
"Lincoln County, NM",268
"Lincoln County, NV",147
"Lincoln County, OK",132
"Lincoln County, OR",350
"Lincoln County, SD",198
"Lincoln County, TN",166
"Lincoln County, WA",165
"Lincoln County, WI",167
"Lincoln County, WV",168
"Lincoln County, WY",367
"Lincoln Parish, LA",165
"Linn County, IA",136
"Linn County, KS",104
"Linn County, MO",71
"Linn County, OR",280
"Lipscomb County, TX",84
"Litchfield County, CT",217
"Little River County, AR",100
"Live Oak County, TX",160
"Livingston County, IL",87
"Livingston County, KY",125
"Livingston County, MI",219
"Livingston County, MO",94
"Livingston County, NY",137
"Livingston Parish, LA",152
"Llano County, TX",330
"Logan County, AR",89
"Logan County, CO",125
"Logan County, IL",101
"Logan County, KY",160
"Logan County, OH",181
"Logan County, OK",160
"Logan County, WV",70
"Long County, GA",161
"Lonoke County, AR",145
"Lorain County, OH",157
"Los Alamos County, NM",295
"Los Angeles County, CA",599
"Loudon County, TN",253
"Loudoun County, VA",298
"Louisa County, IA",100
"Louisa County, VA",214
"Love County, OK",152
"Lowndes County, AL",85
"Lowndes County, GA",153
"Lubbock County, TX",138
"Lucas County, IA",98
"Lucas County, OH",127
"Luce County, MI",131
"Lumpkin County, GA",197
"Luna County, NM",127
"Lunenburg County, VA",149
"Luzerne County, PA",122
"Lycoming County, PA",113
"Lynchburg, VA",153
"Lynn County, TX",153
"Lyon County, IA",144
"Lyon County, KS",98
"Lyon County, KY",183
"Lyon County, MN",118
"Lyon County, NV",244
"Mackinac County, MI",160
"Macomb County, MI",185
"Macon County, AL",44
"Macon County, GA",74
"Macon County, IL",79
"Macon County, MO",112
"Macon County, NC",260
"Macon County, TN",168
"Macoupin County, IL",94
"Madera County, CA",247
"Madison County, AL",163
"Madison County, AR",158
"Madison County, FL",139
"Madison County, IA",140
"Madison County, ID",180
"Madison County, IL",120
"Madison County, IN",115
"Madison County, KY",154
"Madison County, MO",135
"Madison County, MS",171
"Madison County, MT",603
"Madison County, NC",294
"Madison County, NE",127
"Madison County, NY",144
"Madison County, OH",184
"Madison County, TN",148
"Madison County, TX",220
"Madison County, VA",214
"Madison Parish, LA",133
"Magoffin County, KY",62
"Mahaska County, IA",117
"Mahnomen County, MN",75
"Mahoning County, OH",122
"Major County, OK",140
"Malheur County, OR",205
"Manassas Park, VA",306
"Manassas, VA",264
"Manatee County, FL",235
"Manistee County, MI",149
"Manitowoc County, WI",148
"Marathon County, WI",141
"Marengo County, AL",103
"Maricopa County, AZ",271
"Maries County, MO",133
"Marin County, CA",797
"Marinette County, WI",143
"Marion County, AL",64
"Marion County, AR",124
"Marion County, FL",176
"Marion County, IA",205
"Marion County, IL",95
"Marion County, IN",139
"Marion County, KS",95
"Marion County, KY",174
"Marion County, MO",106
"Marion County, MS",96
"Marion County, OH",127
"Marion County, OR",277
"Marion County, SC",124
"Marion County, TX",70
"Marion County, WV",133
"Mariposa County, CA",212
"Marlboro County, SC",63
"Marquette County, MI",184
"Marquette County, WI",189
"Marshall County, AL",155
"Marshall County, IA",130
"Marshall County, IL",108
"Marshall County, IN",133
"Marshall County, KS",102
"Marshall County, KY",141
"Marshall County, MN",129
"Marshall County, MS",169
"Marshall County, OK",143
"Marshall County, SD",82
"Marshall County, TN",216
"Marshall County, WV",95
"Martin County, FL",279
"Martin County, IN",117
"Martin County, KY",72
"Martin County, MN",117
"Martin County, NC",103
"Martin County, TX",173
"Martinsville, VA",74
"Mason County, IL",78
"Mason County, KY",163
"Mason County, MI",197
"Mason County, TX",199
"Mason County, WA",295
"Mason County, WV",111
"Massac County, IL",84
"Matagorda County, TX",131
"Matanuska-Susitna Borough, AK",233
"Mathews County, VA",260
"Maui County, HI",928
"Maury County, TN",213
"Maverick County, TX",190
"Mayes County, OK",138
"McClain County, OK",170
"McCone County, MT",71
"McCook County, SD",120
"McCormick County, SC",188
"McCracken County, KY",127
"McCreary County, KY",105
"McCulloch County, TX",91
"McCurtain County, OK",301
"McDonald County, MO",153
"McDonough County, IL",49
"McDowell County, NC",191
"McDuffie County, GA",131
"McHenry County, IL",181
"McHenry County, ND",94
"McIntosh County, GA",202
"McIntosh County, OK",142
"McKean County, PA",66
"McKenzie County, ND",214
"McKinley County, NM",159
"McLean County, IL",111
"McLean County, KY",123
"McLean County, ND",102
"McLennan County, TX",169
"McLeod County, MN",155
"McMinn County, TN",173
"McNairy County, TN",126
"McPherson County, KS",136
"McPherson County, NE",134
"McPherson County, SD",12
"Meade County, KS",43
"Meade County, KY",140
"Meade County, SD",208
"Mecklenburg County, NC",239
"Mecklenburg County, VA",176
"Mecosta County, MI",168
"Medina County, OH",178
"Medina County, TX",183
"Meeker County, MN",160
"Meigs County, OH",193
"Meigs County, TN",139
"Menard County, IL",106
"Mendocino County, CA",347
"Menifee County, KY",79
"Menominee County, MI",130
"Menominee County, WI",287
"Merced County, CA",275
"Mercer County, IL",74
"Mercer County, KY",140
"Mercer County, MO",125
"Mercer County, ND",89
"Mercer County, NJ",280
"Mercer County, OH",145
"Mercer County, PA",151
"Meriwether County, GA",165
"Merrick County, NE",169
"Merrimack County, NH",252
"Mesa County, CO",269
"Metcalfe County, KY",98
"Miami County, IN",109
"Miami County, KS",161
"Miami County, OH",151
"Miami-Dade County, FL",381
"Middlesex County, CT",237
"Middlesex County, MA",413
"Middlesex County, NJ",343
"Middlesex County, VA",211
"Midland County, MI",157
"Midland County, TX",183
"Mifflin County, PA",96
"Milam County, TX",138
"Millard County, UT",152
"Mille Lacs County, MN",198
"Miller County, AR",113
"Miller County, GA",99
"Miller County, MO",208
"Mills County, IA",160
"Mills County, TX",117
"Milwaukee County, WI",173
"Miner County, SD",92
"Mineral County, CO",297
"Mineral County, MT",354
"Mineral County, NV",80
"Mineral County, WV",137
"Mingo County, WV",69
"Minidoka County, ID",229
"Minnehaha County, SD",182
"Missaukee County, MI",154
"Mississippi County, AR",78
"Mississippi County, MO",49
"Missoula County, MT",306
"Mitchell County, GA",55
"Mitchell County, IA",117
"Mitchell County, KS",91
"Mitchell County, NC",194
"Mitchell County, TX",164
"Mobile County, AL",133
"Modoc County, CA",66
"Moffat County, CO",190
"Mohave County, AZ",223
"Moniteau County, MO",146
"Monmouth County, NJ",361
"Mono County, CA",674
"Monona County, IA",136
"Monongalia County, WV",159
"Monroe County, AL",128
"Monroe County, FL",731
"Monroe County, GA",166
"Monroe County, IA",59
"Monroe County, IL",144
"Monroe County, IN",183
"Monroe County, KY",75
"Monroe County, MI",170
"Monroe County, MO",109
"Monroe County, MS",124
"Monroe County, NY",163
"Monroe County, OH",133
"Monroe County, PA",180
"Monroe County, TN",197
"Monroe County, WI",152
"Montague County, TX",159
"Montcalm County, MI",171
"Monterey County, CA",594
"Montezuma County, CO",241
"Montgomery County, AL",99
"Montgomery County, AR",153
"Montgomery County, GA",196
"Montgomery County, IA",92
"Montgomery County, IL",70
"Montgomery County, IN",137
"Montgomery County, KS",68
"Montgomery County, KY",144
"Montgomery County, MD",304
"Montgomery County, MO",149
"Montgomery County, NC",213
"Montgomery County, NY",103
"Montgomery County, OH",135
"Montgomery County, PA",230
"Montgomery County, TN",180
"Montgomery County, TX",166
"Montgomery County, VA",185
"Montmorency County, MI",123
"Montour County, PA",131
"Montrose County, CO",259
"Moore County, NC",211
"Moore County, TN",173
"Moore County, TX",126
"Mora County, NM",180
"Morehouse Parish, LA",79
"Morgan County, AL",148
"Morgan County, CO",179
"Morgan County, GA",242
"Morgan County, IL",95
"Morgan County, IN",158
"Morgan County, KY",141
"Morgan County, MO",213
"Morgan County, OH",104
"Morgan County, TN",204
"Morgan County, UT",239
"Morgan County, WV",181
"Morrill County, NE",51
"Morris County, KS",105
"Morris County, NJ",352
"Morris County, TX",92
"Morrison County, MN",145
"Morrow County, OH",169
"Morrow County, OR",217
"Morton County, ND",151
"Moultrie County, IL",68
"Mountrail County, ND",127
"Mower County, MN",131
"Muhlenberg County, KY",74
"Multnomah County, OR",309
"Murray County, GA",156
"Murray County, MN",88
"Murray County, OK",118
"Muscatine County, IA",115
"Muskegon County, MI",173
"Muskingum County, OH",155
"Muskogee County, OK",110
"Musselshell County, MT",170
"Nacogdoches County, TX",143
"Nance County, NE",85
"Nantucket County, MA","1,264"
"Napa County, CA",630
"Nash County, NC",160
"Nassau County, FL",238
"Nassau County, NY",485
"Natchitoches Parish, LA",145
"Natrona County, WY",169
"Navajo County, AZ",299
"Navarro County, TX",158
"Nelson County, KY",179
"Nelson County, VA",257
"Nemaha County, KS",46
"Nemaha County, NE",79
"Neosho County, KS",57
"Nevada County, AR",95
"Nevada County, CA",349
"New Castle County, DE",204
"New Hanover County, NC",252
"New Haven County, CT",225
"New Kent County, VA",214
"New London County, CT",229
"New Madrid County, MO",89
"New York County, NY","1,290"
"Newaygo County, MI",192
"Newberry County, SC",153
"Newport County, RI",426
"Newport News, VA",181
"Newton County, AR",225
"Newton County, GA",157
"Newton County, IN",112
"Newton County, MO",126
"Newton County, TX",121
"Nez Perce County, ID",228
"Niagara County, NY",157
"Nicholas County, KY",132
"Nicholas County, WV",40
"Noble County, IN",149
"Noble County, OH",255
"Noble County, OK",104
"Nobles County, MN",142
"Nodaway County, MO",120
"Nolan County, TX",112
"Norfolk County, MA",407
"Norfolk, VA",201
"Norman County, MN",116
"Northampton County, NC",55
"Northampton County, PA",213
"Northampton County, VA",268
"Northumberland County, PA",105
"Northumberland County, VA",210
"Norton, VA",68
"Nottoway County, VA",206
"Nowata County, OK",138
"Nuckolls County, NE",41
"Nye County, NV",206
"O'Brien County, IA",112
"Oakland County, MI",215
"Obion County, TN",93
"Ocean County, NJ",285
"Oceana County, MI",167
"Ochiltree County, TX",127
"Oconee County, SC",216
"Oconto County, WI",158
"Ogemaw County, MI",153
"Ogle County, IL",122
"Ohio County, IN",129
"Ohio County, KY",175
"Ohio County, WV",109
"Okaloosa County, FL",207
"Okanogan County, WA",197
"Okeechobee County, FL",190
"Okfuskee County, OK",107
"Oklahoma County, OK",153
"Okmulgee County, OK",107
"Oldham County, KY",178
"Oliver County, ND",140
"Olmsted County, MN",175
"Oneida County, ID",214
"Oneida County, NY",141
"Oneida County, WI",193
"Onondaga County, NY",160
"Onslow County, NC",170
"Ontario County, NY",187
"Ontonagon County, MI",77
"Orange County, CA",668
"Orange County, FL",244
"Orange County, IN",154
"Orange County, NC",261
"Orange County, NY",246
"Orange County, TX",127
"Orange County, VA",211
"Orange County, VT",214
"Orangeburg County, SC",143
"Oregon County, MO",158
"Orleans County, NY",100
"Orleans County, VT",162
"Orleans Parish, LA",158
"Osage County, KS",112
"Osage County, MO",85
"Osage County, OK",131
"Osborne County, KS",52
"Osceola County, FL",215
"Osceola County, IA",98
"Osceola County, MI",169
"Oscoda County, MI",138
"Oswego County, NY",124
"Otero County, CO",115
"Otero County, NM",158
"Otoe County, NE",159
"Otsego County, MI",140
"Otsego County, NY",127
"Ottawa County, KS",82
"Ottawa County, MI",245
"Ottawa County, OH",203
"Ottawa County, OK",69
"Otter Tail County, MN",146
"Ouachita County, AR",74
"Ouachita Parish, LA",117
"Ouray County, CO",352
"Outagamie County, WI",170
"Overton County, TN",188
"Owen County, IN",153
"Owen County, KY",101
"Owyhee County, ID",242
"Oxford County, ME",223
"Ozark County, MO",199
"Ozaukee County, WI",222
"Pacific County, WA",266
"Page County, IA",69
"Page County, VA",183
"Palm Beach County, FL",296
"Palo Alto County, IA",93
"Palo Pinto County, TX",183
"Pamlico County, NC",226
"Panola County, MS",148
"Panola County, TX",117
"Park County, CO",335
"Park County, MT",371
"Park County, WY",243
"Parke County, IN",95
"Parker County, TX",211
"Pasco County, FL",197
"Pasquotank County, NC",167
"Passaic County, NJ",342
"Patrick County, VA",178
"Paulding County, GA",171
"Paulding County, OH",100
"Pawnee County, KS",59
"Pawnee County, NE",32
"Pawnee County, OK",112
"Payette County, ID",239
"Payne County, OK",136
"Peach County, GA",123
"Pearl River County, MS",149
"Pembina County, ND",51
"Pemiscot County, MO",56
"Pend Oreille County, WA",236
"Pender County, NC",217
"Pendleton County, KY",145
"Pendleton County, WV",154
"Pennington County, MN",129
"Pennington County, SD",207
"Penobscot County, ME",175
"Peoria County, IL",92
"Pepin County, WI",123
"Perquimans County, NC",178
"Perry County, AL",49
"Perry County, AR",126
"Perry County, IL",76
"Perry County, IN",122
"Perry County, KY",103
"Perry County, MO",144
"Perry County, OH",160
"Perry County, PA",163
"Perry County, TN",143
"Pershing County, NV",148
"Person County, NC",182
"Petersburg Borough, AK",221
"Petersburg, VA",132
"Pettis County, MO",127
"Phelps County, MO",123
"Phelps County, NE",91
"Philadelphia County, PA",195
"Phillips County, CO",137
"Phillips County, KS",74
"Piatt County, IL",155
"Pickaway County, OH",167
"Pickens County, AL",182
"Pickens County, GA",208
"Pickens County, SC",177
"Pickett County, TN",221
"Pierce County, GA",164
"Pierce County, NE",95
"Pierce County, WA",306
"Pierce County, WI",175
"Pike County, AL",146
"Pike County, AR",73
"Pike County, GA",172
"Pike County, IL",64
"Pike County, IN",124
"Pike County, KY",94
"Pike County, MO",163
"Pike County, MS",87
"Pike County, OH",168
"Pike County, PA",179
"Pima County, AZ",225
"Pinal County, AZ",208
"Pine County, MN",163
"Pinellas County, FL",281
"Pipestone County, MN",91
"Piscataquis County, ME",167
"Pitkin County, CO","2,200"
"Pitt County, NC",154
"Pittsburg County, OK",117
"Pittsylvania County, VA",127
"Placer County, CA",343
"Plaquemines Parish, LA",128
"Platte County, MO",178
"Platte County, NE",122
"Platte County, WY",125
"Plumas County, CA",262
"Plymouth County, IA",132
"Plymouth County, MA",364
"Pocahontas County, IA",42
"Pocahontas County, WV",351
"Poinsett County, AR",104
"Pointe Coupee Parish, LA",151
"Polk County, AR",129
"Polk County, FL",184
"Polk County, GA",153
"Polk County, IA",206
"Polk County, MO",153
"Polk County, NC",239
"Polk County, NE",65
"Polk County, OR",268
"Polk County, TN",184
"Polk County, TX",148
"Polk County, WI",175
"Pondera County, MT",157
"Pontotoc County, MS",151
"Pontotoc County, OK",121
"Pope County, AR",119
"Pope County, MN",182
"Poquoson, VA",198
"Portage County, OH",170
"Portage County, WI",160
"Porter County, IN",176
"Portsmouth, VA",173
"Posey County, IN",132
"Pottawatomie County, KS",173
"Pottawatomie County, OK",145
"Pottawattamie County, IA",162
"Potter County, PA",144
"Potter County, SD",41
"Potter County, TX",138
"Powell County, KY",183
"Powell County, MT",177
"Power County, ID",159
"Poweshiek County, IA",147
"Powhatan County, VA",237
"Prairie County, AR",75
"Pratt County, KS",73
"Preble County, OH",154
"Prentiss County, MS",102
"Presque Isle County, MI",134
"Preston County, WV",132
"Price County, WI",126
"Prince Edward County, VA",191
"Prince George County, VA",195
"Prince George's County, MD",242
"Prince of Wales-Hyder Census Area, AK",432
"Prince William County, VA",257
"Providence County, RI",249
"Prowers County, CO",104
"Pueblo County, CO",159
"Pulaski County, AR",135
"Pulaski County, GA",142
"Pulaski County, IL",5
"Pulaski County, IN",134
"Pulaski County, KY",128
"Pulaski County, MO",121
"Pulaski County, VA",147
"Pushmataha County, OK",143
"Putnam County, FL",159
"Putnam County, GA",200
"Putnam County, IL",163
"Putnam County, IN",158
"Putnam County, MO",206
"Putnam County, NY",281
"Putnam County, OH",133
"Putnam County, TN",203
"Putnam County, WV",149
"Quay County, NM",157
"Queen Anne's County, MD",265
"Queens County, NY",547
"Quitman County, GA",167
"Rabun County, GA",212
"Racine County, WI",177
"Radford, VA",157
"Rains County, TX",180
"Raleigh County, WV",31
"Ralls County, MO",132
"Ramsey County, MN",192
"Ramsey County, ND",66
"Randall County, TX",158
"Randolph County, AL",159
"Randolph County, AR",96
"Randolph County, GA",103
"Randolph County, IL",123
"Randolph County, IN",90
"Randolph County, MO",96
"Randolph County, NC",173
"Randolph County, WV",109
"Rankin County, MS",154
"Ransom County, ND",90
"Rapides Parish, LA",119
"Rappahannock County, VA",287
"Ravalli County, MT",321
"Ray County, MO",150
"Real County, TX",480
"Red Lake County, MN",105
"Red River County, TX",78
"Red River Parish, LA",104
"Red Willow County, NE",44
"Redwood County, MN",102
"Reeves County, TX",158
"Refugio County, TX",93
"Reno County, KS",98
"Rensselaer County, NY",180
"Renville County, MN",103
"Renville County, ND",113
"Republic County, KS",98
"Reynolds County, MO",140
"Rhea County, TN",170
"Rice County, KS",46
"Rice County, MN",176
"Rich County, UT",270
"Richardson County, NE",97
"Richland County, IL",92
"Richland County, MT",180
"Richland County, ND",90
"Richland County, OH",135
"Richland County, WI",173
"Richland Parish, LA",129
"Richmond City County, VA",251
"Richmond County, GA",130
"Richmond County, NC",120
"Richmond County, NY",422
"Richmond County, VA",161
"Riley County, KS",167
"Ringgold County, IA",76
"Rio Arriba County, NM",225
"Rio Blanco County, CO",154
"Rio Grande County, CO",169
"Ripley County, IN",121
"Ripley County, MO",97
"Ritchie County, WV",84
"Riverside County, CA",321
"Roane County, TN",175
"Roane County, WV",97
"Roanoke City County, VA",127
"Roanoke County, VA",140
"Roberts County, SD",89
"Robertson County, KY",182
"Robertson County, TN",222
"Robertson County, TX",130
"Robeson County, NC",120
"Rock County, MN",132
"Rock County, WI",165
"Rock Island County, IL",106
"Rockbridge County, VA",187
"Rockcastle County, KY",122
"Rockdale County, GA",158
"Rockingham County, NC",151
"Rockingham County, NH",314
"Rockingham County, VA",194
"Rockland County, NY",344
"Rockwall County, TX",194
"Roger Mills County, OK",95
"Rogers County, OK",166
"Rooks County, KS",99
"Roosevelt County, MT",268
"Roosevelt County, NM",89
"Roscommon County, MI",170
"Roseau County, MN",114
"Rosebud County, MT",111
"Ross County, OH",147
"Routt County, CO",687
"Rowan County, KY",127
"Rowan County, NC",174
"Runnels County, TX",155
"Rush County, IN",149
"Rush County, KS",60
"Rusk County, TX",152
"Rusk County, WI",192
"Russell County, KS",52
"Russell County, KY",133
"Russell County, VA",104
"Rutherford County, NC",171
"Rutherford County, TN",218
"Rutland County, VT",209
"Sabine County, TX",155
"Sabine Parish, LA",175
"Sac County, IA",72
"Sacramento County, CA",331
"Sagadahoc County, ME",264
"Saginaw County, MI",125
"Saguache County, CO",294
"Salem County, NJ",172
"Salem, VA",162
"Saline County, AR",153
"Saline County, IL",71
"Saline County, KS",132
"Saline County, MO",95
"Saline County, NE",101
"Salt Lake County, UT",253
"Sampson County, NC",149
"San Augustine County, TX",92
"San Benito County, CA",405
"San Bernardino County, CA",341
"San Diego County, CA",592
"San Francisco County, CA",986
"San Jacinto County, TX",158
"San Joaquin County, CA",311
"San Juan County, CO",389
"San Juan County, NM",165
"San Juan County, UT",186
"San Juan County, WA",549
"San Luis Obispo County, CA",543
"San Mateo County, CA","1,022"
"San Miguel County, CO","1,422"
"San Miguel County, NM",169
"Sanborn County, SD",84
"Sanders County, MT",275
"Sandusky County, OH",115
"Sangamon County, IL",109
"Sanilac County, MI",135
"Sanpete County, UT",184
"Santa Barbara County, CA",623
"Santa Clara County, CA",982
"Santa Cruz County, AZ",182
"Santa Cruz County, CA",701
"Santa Fe County, NM",349
"Santa Rosa County, FL",191
"Sarasota County, FL",262
"Saratoga County, NY",253
"Sargent County, ND",89
"Sarpy County, NE",158
"Sauk County, WI",184
"Saunders County, NE",173
"Sawyer County, WI",243
"Schenectady County, NY",177
"Schoharie County, NY",160
"Schoolcraft County, MI",153
"Schuyler County, IL",39
"Schuyler County, MO",104
"Schuyler County, NY",194
"Schuylkill County, PA",80
"Scioto County, OH",108
"Scotland County, NC",90
"Scott County, AR",112
"Scott County, IA",134
"Scott County, IL",114
"Scott County, IN",142
"Scott County, KY",170
"Scott County, MN",195
"Scott County, MO",95
"Scott County, MS",129
"Scott County, TN",142
"Scott County, VA",118
"Scotts Bluff County, NE",101
"Screven County, GA",132
"Scurry County, TX",73
"Searcy County, AR",155
"Sebastian County, AR",128
"Sedgwick County, CO",120
"Sedgwick County, KS",125
"Seminole County, FL",236
"Seminole County, GA",138
"Seminole County, OK",103
"Seneca County, NY",138
"Seneca County, OH",123
"Sequoyah County, OK",122
"Sevier County, AR",96
"Sevier County, TN",282
"Sevier County, UT",166
"Seward County, KS",113
"Seward County, NE",153
"Shackelford County, TX",155
"Shannon County, MO",66
"Sharkey County, MS",89
"Sharp County, AR",102
"Shasta County, CA",242
"Shawano County, WI",157
"Shawnee County, KS",120
"Sheboygan County, WI",176
"Shelby County, AL",170
"Shelby County, IA",116
"Shelby County, IL",93
"Shelby County, IN",131
"Shelby County, KY",178
"Shelby County, MO",86
"Shelby County, OH",150
"Shelby County, TN",144
"Shelby County, TX",159
"Shenandoah County, VA",206
"Sherburne County, MN",191
"Sheridan County, MT",81
"Sheridan County, WY",261
"Sherman County, KS",60
"Sherman County, NE",23
"Sherman County, OR",136
"Sherman County, TX",117
"Shiawassee County, MI",133
"Shoshone County, ID",183
"Sibley County, MN",108
"Sierra County, CA",284
"Sierra County, NM",149
"Silver Bow County, MT",192
"Simpson County, KY",174
"Simpson County, MS",104
"Sioux County, IA",132
"Siskiyou County, CA",197
"Skagit County, WA",330
"Skamania County, WA",297
"Slope County, ND",34
"Smith County, KS",78
"Smith County, MS",64
"Smith County, TN",194
"Smith County, TX",176
"Smyth County, VA",154
"Snohomish County, WA",404
"Snyder County, PA",94
"Socorro County, NM",131
"Solano County, CA",344
"Somerset County, ME",163
"Somerset County, NJ",339
"Somerset County, PA",98
"Somervell County, TX",199
"Sonoma County, CA",491
"Southampton County, VA",156
"Southeast Fairbanks Census Area, AK",121
"Spalding County, GA",154
"Spartanburg County, SC",157
"Spencer County, IN",144
"Spencer County, KY",172
"Spokane County, WA",213
"Spotsylvania County, VA",208
"St. Bernard Parish, LA",167
"St. Charles County, MO",182
"St. Charles Parish, LA",132
"St. Clair County, AL",158
"St. Clair County, IL",118
"St. Clair County, MI",172
"St. Clair County, MO",173
"St. Croix County, WI",200
"St. Francis County, AR",62
"St. Francois County, MO",129
"St. John the Baptist Parish, LA",123
"St. Johns County, FL",243
"St. Joseph County, IN",131
"St. Joseph County, MI",144
"St. Landry Parish, LA",117
"St. Lawrence County, NY",80
"St. Louis City County, MO",144
"St. Louis County, MO",170
"St. Lucie County, FL",226
"St. Martin Parish, LA",138
"St. Mary Parish, LA",74
"St. Mary's County, MD",197
"St. Tammany Parish, LA",159
"Stafford County, VA",214
"Stanislaus County, CA",294
"Stanley County, SD",224
"Stanly County, NC",178
"Stanton County, KS",79
"Stanton County, NE",136
"Stark County, IL",96
"Stark County, ND",268
"Stark County, OH",146
"Starke County, IN",138
"Starr County, TX",136
"Staunton, VA",190
"Ste. Genevieve County, MO",118
"Stearns County, MN",150
"Steele County, MN",156
"Steele County, ND",29
"Stephens County, GA",156
"Stephens County, OK",93
"Stephens County, TX",69
"Stephenson County, IL",85
"Steuben County, IN",169
"Steuben County, NY",120
"Stevens County, MN",114
"Stevens County, WA",198
"Stewart County, TN",184
"Stillwater County, MT",211
"Stoddard County, MO",108
"Stokes County, NC",168
"Stone County, AR",175
"Stone County, MO",196
"Stone County, MS",147
"Stonewall County, TX",63
"Storey County, NV",278
"Story County, IA",203
"Strafford County, NH",282
"Stutsman County, ND",129
"Sublette County, WY",232
"Suffolk County, MA",607
"Suffolk County, NY",383
"Suffolk, VA",196
"Sullivan County, IN",88
"Sullivan County, MO",122
"Sullivan County, NH",236
"Sullivan County, NY",228
"Sullivan County, PA",121
"Sullivan County, TN",162
"Sully County, SD",119
"Summit County, CO",796
"Summit County, OH",150
"Summit County, UT",685
"Sumner County, KS",99
"Sumner County, TN",225
"Sumter County, AL",4
"Sumter County, FL",227
"Sumter County, GA",164
"Sumter County, SC",129
"Sunflower County, MS",87
"Surry County, NC",160
"Surry County, VA",182
"Susquehanna County, PA",133
"Sussex County, NJ",257
"Sussex County, VA",118
"Sutter County, CA",254
"Sutton County, TX",141
"Suwannee County, FL",133
"Swain County, NC",287
"Sweet Grass County, MT",404
"Sweetwater County, WY",144
"Swift County, MN",94
"Swisher County, TX",47
"Switzerland County, IN",143
"Talbot County, MD",259
"Taliaferro County, GA",72
"Talladega County, AL",132
"Tallahatchie County, MS",17
"Tallapoosa County, AL",193
"Tama County, IA",92
"Taney County, MO",178
"Tangipahoa Parish, LA",144
"Taos County, NM",356
"Tarrant County, TX",185
"Tate County, MS",143
"Tattnall County, GA",185
"Taylor County, FL",105
"Taylor County, IA",48
"Taylor County, KY",133
"Taylor County, TX",144
"Taylor County, WI",133
"Taylor County, WV",122
"Tazewell County, IL",107
"Tazewell County, VA",102
"Tehama County, CA",247
"Telfair County, GA",81
"Teller County, CO",
"Terrebonne Parish, LA",124
"Terrell County, GA",108
"Terry County, TX",100
"Teton County, ID",406
"Teton County, MT",144
"Teton County, WY","1,229"
"Texas County, MO",112
"Texas County, OK",109
"Thayer County, NE",80
"Thomas County, GA",163
"Thomas County, KS",63
"Thurston County, WA",287
"Tift County, GA",134
"Tillamook County, OR",362
"Tillman County, OK",62
"Tioga County, NY",112
"Tioga County, PA",115
"Tippah County, MS",93
"Tippecanoe County, IN",167
"Tipton County, IN",158
"Tipton County, TN",176
"Tishomingo County, MS",91
"Titus County, TX",160
"Todd County, KY",169
"Todd County, MN",126
"Tolland County, CT",211
"Tom Green County, TX",156
"Tompkins County, NY",206
"Tooele County, UT",181
"Toole County, MT",101
"Toombs County, GA",54
"Towns County, GA",243
"Traill County, ND",117
"Transylvania County, NC",308
"Traverse County, MN",53
"Travis County, TX",266
"Trego County, KS",63
"Trempealeau County, WI",152
"Trigg County, KY",113
"Trimble County, KY",107
"Trinity County, CA",173
"Trinity County, TX",127
"Troup County, GA",142
"Trousdale County, TN",230
"Trumbull County, OH",118
"Tucker County, WV",316
"Tulare County, CA",231
"Tulsa County, OK",150
"Tunica County, MS",138
"Tuolumne County, CA",248
"Turner County, GA",134
"Turner County, SD",154
"Tuscaloosa County, AL",161
"Tuscarawas County, OH",134
"Tuscola County, MI",136
"Twiggs County, GA",67
"Twin Falls County, ID",224
"Tyler County, TX",139
"Tyler County, WV",158
"Tyrrell County, NC",234
"Uinta County, WY",146
"Uintah County, UT",170
"Ulster County, NY",267
"Umatilla County, OR",210
"Unicoi County, TN",148
"Union County, AR",91
"Union County, FL",203
"Union County, GA",232
"Union County, IA",101
"Union County, IL",97
"Union County, IN",142
"Union County, KY",87
"Union County, MS",158
"Union County, NC",212
"Union County, NJ",392
"Union County, OH",206
"Union County, OR",188
"Union County, PA",126
"Union County, SC",129
"Union County, SD",160
"Union County, TN",197
"Union Parish, LA",151
"Upshur County, TX",165
"Upshur County, WV",139
"Upson County, GA",156
"Upton County, TX",132
"Utah County, UT",210
"Uvalde County, TX",127
"Val Verde County, TX",160
"Valdez-Cordova Census Area, AK",231
"Valley County, ID",448
"Van Buren County, AR",100
"Van Buren County, IA",31
"Van Buren County, MI",159
"Van Buren County, TN",174
"Van Wert County, OH",113
"Van Zandt County, TX",182
"Vance County, NC",130
"Vanderburgh County, IN",136
"Venango County, PA",72
"Ventura County, CA",525
"Vermilion County, IL",67
"Vermilion Parish, LA",125
"Vermillion County, IN",79
"Vernon County, MO",109
"Vernon County, WI",163
"Vernon Parish, LA",113
"Victoria County, TX",145
"Vigo County, IN",94
"Vilas County, WI",264
"Vinton County, OH",169
"Virginia Beach, VA",225
"Volusia County, FL",214
"Wabash County, IL",70
"Wabash County, IN",113
"Wabasha County, MN",154
"Wabaunsee County, KS",278
"Wadena County, MN",122
"Wagoner County, OK",162
"Wahkiakum County, WA",172
"Wake County, NC",226
"Wakulla County, FL",184
"Waldo County, ME",238
"Walker County, AL",127
"Walker County, TX",156
"Walla Walla County, WA",240
"Waller County, TX",173
"Wallowa County, OR",237
"Walsh County, ND",86
"Walthall County, MS",87
"Walton County, FL",429
"Walton County, GA",175
"Walworth County, SD",68
"Walworth County, WI",232
"Wapello County, IA",91
"Ward County, ND",123
"Ward County, TX",122
"Ware County, GA",107
"Warren County, GA",96
"Warren County, IA",204
"Warren County, IL",169
"Warren County, IN",144
"Warren County, KY",172
"Warren County, MO",200
"Warren County, MS",109
"Warren County, NC",308
"Warren County, NJ",229
"Warren County, NY",213
"Warren County, OH",179
"Warren County, PA",91
"Warren County, TN",199
"Warren County, VA",219
"Warrick County, IN",144
"Wasatch County, UT",402
"Wasco County, OR",235
"Waseca County, MN",117
"Washakie County, WY",115
"Washburn County, WI",186
"Washington County, AL",31
"Washington County, AR",201
"Washington County, CO",89
"Washington County, FL",156
"Washington County, GA",106
"Washington County, IA",135
"Washington County, ID",220
"Washington County, IL",116
"Washington County, IN",131
"Washington County, KY",127
"Washington County, MD",174
"Washington County, ME",132
"Washington County, MN",196
"Washington County, MO",132
"Washington County, MS",74
"Washington County, NC",92
"Washington County, NE",176
"Washington County, NY",162
"Washington County, OH",141
"Washington County, OK",112
"Washington County, OR",305
"Washington County, PA",163
"Washington County, RI",361
"Washington County, TN",174
"Washington County, TX",191
"Washington County, UT",269
"Washington County, VA",157
"Washington County, VT",252
"Washington County, WI",192
"Washington Parish, LA",120
"Washita County, OK",84
"Washoe County, NV",319
"Washtenaw County, MI",238
"Watauga County, NC",305
"Watonwan County, MN",90
"Waukesha County, WI",219
"Waupaca County, WI",158
"Waushara County, WI",184
"Wayne County, GA",141
"Wayne County, IA",76
"Wayne County, IN",106
"Wayne County, KY",127
"Wayne County, MI",155
"Wayne County, MO",78
"Wayne County, MS",114
"Wayne County, NC",152
"Wayne County, NE",119
"Wayne County, NY",141
"Wayne County, OH",166
"Wayne County, PA",183
"Wayne County, TN",138
"Wayne County, UT",165
"Wayne County, WV",66
"Waynesboro, VA",201
"Weakley County, TN",113
"Webb County, TX",159
"Weber County, UT",223
"Webster County, IA",97
"Webster County, KY",107
"Webster County, MO",153
"Webster County, NE",38
"Webster Parish, LA",97
"Weld County, CO",203
"Wells County, IN",129
"West Baton Rouge Parish, LA",150
"West Carroll Parish, LA",53
"West Feliciana Parish, LA",216
"Westchester County, NY",364
"Westmoreland County, PA",159
"Westmoreland County, VA",249
"Weston County, WY",127
"Wetzel County, WV",102
"Wexford County, MI",174
"Wharton County, TX",127
"Whatcom County, WA",359
"Wheatland County, MT",186
"Wheeler County, GA",150
"Wheeler County, OR",173
"Wheeler County, TX",128
"White County, AR",133
"White County, GA",183
"White County, IL",22
"White County, IN",177
"White County, TN",184
"White Pine County, NV",147
"Whiteside County, IL",99
"Whitfield County, GA",171
"Whitley County, IN",158
"Whitley County, KY",126
"Whitman County, WA",198
"Wichita County, TX",125
"Wilbarger County, TX",76
"Wilcox County, AL",61
"Wilcox County, GA",21
"Wilkes County, GA",125
"Wilkes County, NC",185
"Wilkin County, MN",94
"Wilkinson County, GA",157
"Wilkinson County, MS",71
"Will County, IL",187
"Willacy County, TX",154
"Williams County, ND",173
"Williams County, OH",118
"Williamsburg County, SC",125
"Williamsburg, VA",199
"Williamson County, IL",104
"Williamson County, TN",312
"Williamson County, TX",207
"Wilson County, KS",45
"Wilson County, NC",160
"Wilson County, TN",219
"Wilson County, TX",166
"Winchester, VA",221
"Windham County, CT",204
"Windham County, VT",220
"Windsor County, VT",252
"Winkler County, TX",88
"Winn Parish, LA",28
"Winnebago County, IA",177
"Winnebago County, IL",109
"Winnebago County, WI",163
"Winneshiek County, IA",168
"Winona County, MN",153
"Winston County, AL",191
"Winston County, MS",102
"Wirt County, WV",141
"Wise County, TX",192
"Wise County, VA",110
"Wood County, OH",153
"Wood County, TX",162
"Wood County, WI",127
"Wood County, WV",116
"Woodbury County, IA",127
"Woodford County, IL",97
"Woodford County, KY",184
"Woodruff County, AR",85
"Woods County, OK",115
"Woodson County, KS",103
"Woodward County, OK",100
"Worcester County, MA",276
"Worth County, GA",135
"Worth County, IA",71
"Wrangell Borough, AK",82
"Wright County, IA",109
"Wright County, MN",196
"Wright County, MO",151
"Wyandot County, OH",125
"Wyandotte County, KS",154
"Wyoming County, NY",143
"Wyoming County, PA",119
"Wyoming County, WV",17
"Wythe County, VA",129
"Yadkin County, NC",171
"Yakima County, WA",214
"Yalobusha County, MS",105
"Yamhill County, OR",302
"Yancey County, NC",246
"Yankton County, SD",134
"Yates County, NY",228
"Yavapai County, AZ",302
"Yazoo County, MS",66
"Yell County, AR",123
"Yellow Medicine County, MN",92
"Yellowstone County, MT",189
"Yoakum County, TX",131
"Yolo County, CA",338
"York County, ME",325
"York County, NE",99
"York County, PA",151
"York County, SC",209
"York County, VA",206
"Young County, TX",117
"Yuba County, CA",266
"Yuma County, AZ",212
"Yuma County, CO",126
"Zavala County, TX",166
